date_week,revenue,tv_spend,google_search_spend,tiktok_spend,promotion,time_index,baseline_true,trend_true,seasonality_true,promotion_contribution_true,tv_adstock_true,google_search_adstock_true,tiktok_adstock_true,tv_contribution_true,google_search_contribution_true,tiktok_contribution_true,mu_true,noise_true
2023-01-02,1159.1780145521018,22.01419342156388,44.13780623310752,6.861362640203083,0,0.0,1000.0,0.0,25.0,0.0,0.05840225747696432,0.4708044717459279,0.0686586225168835,10.500470641661634,103.0344847157765,9.236282186482628,1147.7712375439207,11.40677700818116
2023-01-09,1196.0800703649495,0.0,56.289425116525926,14.204555838136203,0,0.0064516129032258064,1000.0,0.5161290322580645,33.25528947032396,0.0,0.040881580233875024,0.6945829660059657,0.16960215941336754,7.35458764893073,123.61821514989983,22.41479582212003,1187.1590171235327,8.921053241416743
2023-01-16,1259.0686306447747,0.0,57.147405327267684,31.277272062605952,1,0.012903225806451613,1000.0,1.032258064516129,41.02564193578034,100.0,0.028617106163712516,0.7484904772011916,0.3808186975445521,5.1496734304773755,126.6441678314794,46.4634531229372,1320.3151943851904,-61.246563740415795
2023-01-23,1320.4354161934934,29.11378034092532,35.37438738215319,3.9275776838934506,1,0.01935483870967742,1000.0,1.5483870967741935,48.197748160112866,100.0,0.09726898513930483,0.5270258601422834,0.19162901250974462,17.45340829443348,109.67272372773567,25.180212081612577,1302.052479360669,18.382936832824484
2023-01-30,1320.3400672146765,112.15418159895482,40.651713542494576,17.527121656789795,0,0.025806451612903226,1000.0,2.064516129032258,54.66702268439404,0.0,0.36562621276504137,0.5390245598806984,0.25203776264406685,63.02881747845366,110.94643304077212,32.49167262734313,1263.1984619599953,57.14160525468122
2023-02-06,1356.9311852541969,7.570325891942345,43.05882577721918,20.36307281493643,1,0.03225806451612903,1000.0,2.5806451612903225,60.33912891852231,100.0,0.2760219428905391,0.5671002293958236,0.30457937215707737,48.45947687988448,113.74327587431073,38.47760775800425,1363.6001345920122,-6.668949337815243
2023-02-13,1234.968244388763,22.35462696655507,44.33271898809177,20.90273860991464,0,0.03870967741935484,1000.0,3.096774193548387,65.13135478113318,0.0,0.25252076608124296,0.5863035923340226,0.3309962129851846,44.51161552499022,115.51486455455942,41.3420094316415,1269.5966184858728,-34.62837409710987
2023-02-20,1256.1600243043856,40.47843545367805,39.84112318677215,14.938360957027086,0,0.04516129032258064,1000.0,3.6129032258064515,68.97381882799695,0.0,0.28415125555927756,0.5422337870567631,0.2818800590085598,49.81370265332462,111.27899575085249,35.93731880217219,1269.6167392601528,-13.456714955767268
2023-02-27,1336.9650241494032,0.0,49.43084746331582,2.410061867260881,1,0.05161290322580645,1000.0,4.129032258064516,71.81048928083484,100.0,0.1955391049684397,0.6357092748890707,0.1368234511005584,34.755202591546116,119.58543194399289,18.21611796882647,1348.4962740432647,-11.531249893861466
2023-03-06,1334.7590913241995,52.44101552753465,34.55425527738916,18.823234933201626,0,0.05806451612903226,1000.0,4.645161290322581,73.6000010968189,0.0,0.27600005821786,0.49571998442007476,0.2429920185976417,48.45582312968814,106.11659253167566,31.42449627621322,1264.2420743247183,70.51701699948121
2023-03-13,1239.2724547983084,49.030127055287345,52.60498670174392,4.599929355944532,0,0.06451612903225806,1000.0,5.161290322580645,74.31625916404244,0.0,0.32327385493123406,0.6602637309973214,0.14302115371188587,56.243547299772466,121.36810575501386,19.01700169886296,1276.1062042402723,-36.833749441963775
2023-03-20,1273.0134566764232,0.0,39.67047324054161,24.892617381426632,0,0.07096774193548387,1000.0,5.67741935483871,73.94881882701259,0.0,0.22183913847947107,0.5552045780773264,0.30627212188639236,39.288650635590486,112.58897633907219,38.66415672093093,1270.168021877445,2.8454347989782884
2023-03-27,1299.1052631649056,38.06784929173856,34.811965925061976,26.74767758510441,0,0.07741935483870968,1000.0,6.193548387096774,72.50303819324685,0.0,0.23912651502721513,0.4823683926850099,0.3900460920688896,42.240696655320214,104.49351938856883,47.370601600514476,1272.8014042247469,26.303858940158747
2023-04-03,1303.6134667628419,0.0,45.33535733398609,21.430268836362167,0,0.08387096774193549,1000.0,6.709677419354839,70.0,0.0,0.1662307812938962,0.5800508855975012,0.3703281237536014,29.648949163438555,114.95022631875202,45.416264961643584,1266.7251178631889,36.888348899653
2023-04-10,1327.443780490643,0.0,49.354284913806254,58.22256904145917,0,0.09032258064516129,1000.0,7.225806451612903,66.4762041804807,0.0,0.11294270826424946,0.6424560199893449,0.7306016795493145,20.24368408033325,120.09034164297901,71.91201294891742,1285.9480493043231,41.49573118631972
2023-04-17,1290.4586384999818,120.0,34.62770532539924,14.588587678671905,0,0.0967741935483871,1000.0,7.741935483870968,61.983035612634716,0.0,0.3912216463750647,0.4978532517740328,0.4381242548290379,67.03432574971919,106.36991305765089,51.88391237827158,1295.0131222821474,-4.554483782165618
2023-04-24,1250.4211994898267,12.978762341272901,47.26043720274056,3.1846854226920223,0,0.1032258064516129,1000.0,8.258064516129032,56.58601481191565,0.0,0.308286984938627,0.6036819212505513,0.20710163606063292,53.79802237831673,117.0241774164749,27.092748844981944,1262.7590279678184,-12.337828477991701
2023-05-01,1253.9263845022988,37.27941808291973,57.64199337698354,14.752625417981948,0,0.10967741935483871,1000.0,8.774193548387096,50.36384249463048,0.0,0.30668067285776757,0.7355849440553838,0.2303402139629537,53.5345879140786,125.97205421234915,29.914908326767566,1268.559586496213,-14.633201993914046
2023-05-08,1206.4106980321335,0.0,33.177704598797106,6.102190586253295,0,0.11612903225806452,1000.0,9.290322580645162,43.407251944277064,0.0,0.20717797445992361,0.5010119740359046,0.1531678431233075,36.76748123519326,106.74199939920956,20.321350721963842,1216.5284058812888,-10.117707849155197
2023-05-15,1213.3309265956389,19.471195089631706,49.2680471363855,7.223681023867694,0,0.12258064516129032,1000.0,9.806451612903226,35.81768591595721,0.0,0.19668042647802336,0.6257284930070485,0.133388076409417,34.95293774797864,118.81683742255198,17.770881115749052,1217.1647938151402,-3.8338672195013226
2023-05-22,1262.766819136854,76.96117346518994,43.17189923962805,26.39841424823094,0,0.12903225806451613,1000.0,10.32258064516129,27.70581737257813,0.0,0.33602744147787394,0.5856461854399391,0.31733708261281335,58.30672646230407,115.4560444151522,39.87350572956593,1251.6646746247618,11.1021445120923
2023-05-29,1240.1241018889793,8.494674233093956,34.43357558726129,33.11041487425473,0,0.13548387096774195,1000.0,10.838709677419356,19.189935623839496,0.0,0.2577550404521702,0.4844204123266926,0.4581155789914901,45.395019042464156,104.74722363259883,53.65467478765669,1233.8255627639785,6.298539125000824
2023-06-05,1222.6958046795753,5.843606668951677,55.99450103035322,20.51250327206504,0,0.14193548387096774,1000.0,11.35483870967742,10.394221401733596,0.0,0.19593124580149962,0.6941589414450718,0.38812396556050693,34.82315125782754,123.59203604274694,47.182716615024944,1227.3469640270105,-4.6511593474351995
2023-06-12,1158.577354464875,0.0,35.79276097140259,20.7948883823342,0,0.14838709677419354,1000.0,11.870967741935484,1.4469360258421382,0.0,0.11879949080274729,0.5206212704645097,0.36323917033317554,21.283873727996024,108.97295635885183,44.69913420372623,1188.2738680583518,-29.696513593476716
2023-06-19,1240.94061756752,69.24923125578563,47.91653909436436,29.048484022150657,0,0.15483870967741936,1000.0,12.387096774193548,-7.521448935522262,0.0,0.26488853086057546,0.61523402234879,0.43595012050229526,46.59520091489221,117.98010464984098,51.68757982566845,1221.1285332290731,19.812084338446674
2023-06-26,1136.2142980659746,22.040771195473706,30.130517640863758,51.244872474224515,0,0.16129032258064516,1000.0,12.903225806451612,-16.380154234578733,0.0,0.23819335411159498,0.4444382413903508,0.6870680853692627,42.08194306659427,99.51737063956573,69.67347483276139,1207.7958601107944,-71.58156204481979
2023-07-03,1189.6392302612785,52.64133001622026,55.56711512473889,15.821836102985507,0,0.16774193548387098,1000.0,13.419354838709678,-25.00000000000002,0.0,0.306389454238682,0.6816041543236869,0.43310933561935455,53.4868011951388,122.79891374934226,51.42993587532122,1216.135005658512,-26.495775397233558
2023-07-10,1250.4202555357324,0.0,38.40473813665127,15.970952922727154,1,0.17419354838709677,1000.0,13.935483870967742,-33.255289470323945,100.0,0.21149476133507986,0.5459710743475005,0.333010627190014,37.51142205922736,111.6620264930954,41.55627463575646,1271.409917588723,-20.989662052990624
2023-07-17,1108.8670150247767,0.0,33.33068445808951,3.92583296375954,0,0.18064516129032257,1000.0,14.451612903225806,-41.02564193578033,0.0,0.1362761596218933,0.46472124702432865,0.17231520762259725,24.378979679339157,102.24674078951563,22.757989295090002,1122.8096807313905,-13.942665706613642
2023-07-24,1193.1551685386123,21.84534326654304,41.03630876631328,13.593950501697194,0,0.1870967741935484,1000.0,14.967741935483872,-48.197748160112866,0.0,0.15204847463631013,0.5306650565446364,0.20473760108755265,27.159747606780268,110.06413663401118,26.802215905380073,1130.7960939215425,62.35907461706985
2023-07-31,1184.1430321878804,45.53232623142488,24.136480770793526,41.541939414002364,0,0.1935483870967742,1000.0,15.483870967741936,-54.66702268439402,0.0,0.22633460209951559,0.3635879362588247,0.49745234346771644,40.058522432945274,86.98683516174984,56.957721553271824,1144.819927431315,39.323104756565556
2023-08-07,1220.943032181079,66.04256503660531,49.76616297174699,38.45600710570905,0,0.2,1000.0,16.0,-60.339128918522306,0.0,0.33364095350140766,0.6035570405184071,0.5836568282555142,57.92193568470253,117.01364002506321,63.3735299978806,1193.969976789124,26.973055391954837
2023-08-14,1143.9987877047013,0.0,46.32656172335469,10.091840694755959,0,0.2064516129032258,1000.0,16.516129032258064,-65.13135478113318,0.0,0.22295793166889757,0.6148613564023716,0.33425682252049854,39.480392245371206,117.94984276868819,41.688528623904325,1150.5035378890886,-6.504750184387355
2023-08-21,1128.346078097907,11.11358145389953,38.31286311281362,13.63496658369705,0,0.2129032258064516,1000.0,17.032258064516128,-68.97381882799695,0.0,0.18218333953448396,0.5316430345836387,0.2698057529266781,32.43494570922524,110.16856209444953,34.55735612045916,1125.219303160653,3.126774937254004
2023-08-28,1144.5539860560198,53.94568562292217,40.871649364216054,6.322589220276788,0,0.21935483870967742,1000.0,17.548387096774192,-71.81048928083484,0.0,0.2625920353263658,0.5422924655164867,0.17108589828335838,46.20930271621332,111.28504492326232,22.602571765572613,1125.8348172209874,18.719168835032473
2023-09-04,1189.115194585008,79.63617712947817,37.46750275558501,39.073864126546475,0,0.22580645161290322,1000.0,18.064516129032256,-73.6000010968189,0.0,0.39508414659076724,0.5081118302366978,0.45932450710899314,67.63228749000095,107.56535083683599,53.75976150425555,1173.4219148633058,15.69327972170221
2023-09-11,1229.5481615963888,66.29159727964387,58.62668490312492,23.03089196674842,0,0.23225806451612904,1000.0,18.580645161290324,-74.31625916404242,0.0,0.45242630137512896,0.7269743624318926,0.4141640115351783,76.30044921831704,125.50592827293471,49.67954839126806,1195.7503118797677,33.79784971662119
2023-09-18,1160.177255157858,0.0,31.93708625502634,49.03472780608439,0,0.23870967741935484,1000.0,19.096774193548388,-73.94881882701259,0.0,0.3133574603930395,0.48605687740325404,0.6562452996698591,54.62791480701282,104.9484366432938,67.94554886249642,1172.669855679339,-12.492600521480993
2023-09-25,1222.9251221578706,21.451607331821524,55.12070155335728,13.04025006468725,0,0.24516129032258063,1000.0,19.612903225806452,-72.50303819324687,0.0,0.26929641948618543,0.6851663714610834,0.3927137093493951,47.334605596006874,123.02752046513666,47.6304136281697,1165.1024047218727,57.822717435997795
2023-10-02,1261.4694492184008,105.62310753853552,50.02643495145768,60.0,0,0.25161290322580643,1000.0,20.129032258064512,-70.0,0.0,0.45861857254005084,0.670648587548277,0.7572267670430157,77.21237543796545,122.0776844500953,73.17077359356581,1222.5898657396913,38.879583478709584
2023-10-09,1251.8136780487039,0.0,44.634109940676204,18.08829115139942,1,0.25806451612903225,1000.0,20.64516129032258,-66.47620418048069,100.0,0.32103300077803554,0.6102268439948667,0.48382605823592917,55.87932011255537,117.57031355430814,55.84064800850255,1283.4592387852078,-31.64556073650397
2023-10-16,1171.5248833087537,6.292877560648272,42.234534143865254,31.728153955868333,0,0.2645161290322581,1000.0,21.161290322580648,-61.98303561263472,0.0,0.23971803281472615,0.5725471734215738,0.5109306161264265,42.34129237446521,114.25713728049007,58.03459700259722,1173.8112813674984,-2.2863980587445707
2023-10-23,1153.882865257875,51.2634451124406,38.528992329293615,16.160881024479444,0,0.2709677419354839,1000.0,21.67741935483871,-56.58601481191565,0.0,0.29555102324745297,0.5254852888931282,0.3660455752073851,51.7024678909891,109.50567760525821,44.98394783904794,1171.2834978782182,-17.400632620343234
2023-10-30,1282.8529053887978,22.589639474281615,32.555293172687506,57.55038864670962,1,0.27741935483870966,1000.0,22.193548387096772,-50.36384249463051,100.0,0.2546353165546355,0.45235338415087933,0.7220432837092551,44.86877218252788,100.60147437807262,71.48996274269892,1288.7899151957658,-5.937009806967977
2023-11-06,1344.2222252530294,30.860569509894155,36.89280026358562,10.948061583233333,1,0.2838709677419355,1000.0,22.70967741935484,-43.40725194427712,100.0,0.24997744761294735,0.48399328616029336,0.39821869134944016,44.08154328742392,104.6945435073706,48.163097686005436,1276.2416099558775,67.98061529715184
2023-11-13,1155.9335773212736,0.0,43.94411073007894,23.10897771551684,0,0.2903225806451613,1000.0,23.225806451612904,-35.81768591595719,0.0,0.17498421332906314,0.5655361662255551,0.39020723527587986,31.179572079564664,113.59403250102359,47.386327246636114,1179.56805236288,-23.634475041606407
2023-11-20,1175.1050915539424,50.12921961701859,40.97633595966272,24.056409363530342,0,0.2967741935483871,1000.0,23.741935483870968,-27.705817372578178,0.0,0.252197852324855,0.5501877639117149,0.3967192305923083,44.457041047462226,112.08874198279048,48.01846789640097,1200.6003690379466,-25.495277484004177
2023-11-27,1204.9617635196578,0.0,25.576956699928637,17.841437226590408,0,0.3032258064516129,1000.0,24.258064516129032,-19.189935623839503,0.0,0.16038486713378278,0.38285775661278654,0.33682559295744363,28.624259097249496,90.22036631695403,41.96042014768911,1165.8731744541824,39.08858906547537
2023-12-04,1182.9448027388137,50.93316057039324,39.55660113423841,4.6011983954875895,0,0.3096774193548387,1000.0,24.774193548387096,-10.394221401733535,0.0,0.24739184826528265,0.49850849143757164,0.1806537741621582,43.643771910043505,106.4473922966161,23.808339587582225,1188.2794759408953,-5.334673202081506
2023-12-11,1196.3982895448812,47.39248244957819,43.96812565133897,13.463108866237985,0,0.3161290322580645,1000.0,25.29032258064516,-1.4469360258421489,0.0,0.2979411300637036,0.5686950859071901,0.20677281802852718,52.09692055130185,113.8946784197961,27.05237505334309,1216.8873605792437,-20.4890710343626
2023-12-18,1195.1279835373762,0.0,29.600403358992256,14.602863214294059,0,0.3225806451612903,1000.0,25.806451612903224,7.521448935522255,0.0,0.20071873863361275,0.4294764092000618,0.2287275420328068,35.65187295322398,97.40048427385074,29.7210952076256,1196.101352983126,-0.9733694457498011
2023-12-25,1249.4323161926197,41.434608876599874,54.261203567913256,4.57140601207389,0,0.32903225806451614,1000.0,26.322580645161292,16.380154234578697,0.0,0.24697172309563184,0.6646820459486643,0.13685764618104912,43.57258794096821,121.67313587979982,18.22054514457065,1226.1690038450784,23.26331234754145
2024-01-01,1238.7659431204393,0.0,29.300529490718183,60.0,0,0.33548387096774196,1000.0,26.838709677419356,25.000000000000046,0.0,0.16816049835449295,0.4454751831039222,0.6550647360706586,29.986766340917235,99.66079457921082,67.87691754660374,1249.363188144151,-10.597245023711885
2024-01-08,1299.1634682348815,0.0,41.592591086481626,60.0,0,0.3419354838709677,1000.0,27.354838709677416,33.25528947032397,0.0,0.11771234884814506,0.5327492773309277,0.8622678219815485,21.09089943951863,110.28629643069861,77.40133721417791,1269.3886612643964,29.774806970485066
2024-01-15,1193.300298428451,0.0,35.196114840471424,22.694618788278735,0,0.34838709677419355,1000.0,27.870967741935484,41.025641935780314,0.0,0.07473205627209571,0.4819749225922387,0.5718443861920112,13.42678377078218,104.44469422141468,62.55946508975399,1249.3275527596666,-56.02725433121544
2024-01-22,1270.0718503027958,0.0,47.95597245450197,35.9724484950566,0,0.3548387096774194,1000.0,28.38709677419355,48.19774816011285,0.0,0.052312439390467,0.6079259684643568,0.5885811407459877,9.407659016186098,117.37968296197285,63.70695450090714,1267.0791414133726,2.992708889423208
2024-01-29,1272.3729072070832,41.90115802900952,48.473141478553,18.15883303095329,0,0.36129032258064514,1000.0,28.903225806451612,54.66702268439401,0.0,0.13999027969447211,0.6386322796123884,0.4171096961900587,25.03492481087381,119.80561494634908,49.95537263489498,1278.3661608829636,-5.993253675880422
2024-02-05,1268.5726120521576,0.0,27.008264367274425,8.490241389278061,0,0.36774193548387096,1000.0,29.419354838709676,60.3391289185223,0.0,0.09074515489702993,0.41581414605494055,0.25171368081219736,16.289439617364152,95.38890942351078,32.453617171641234,1233.8904499697483,34.682162082409484
2024-02-12,1281.267408467649,20.051795930036725,42.67232349228686,13.659591263073175,0,0.3741935483870968,1000.0,29.935483870967744,65.13135478113318,0.0,0.11671774995152702,0.5383346367468609,0.23727519907457223,20.91430902498566,110.87449509444006,30.744796409815457,1257.6004391813424,23.666969286306475
2024-02-19,1315.73776260163,64.1010208486015,65.6997286280985,29.712178427655545,0,0.38064516129032255,1000.0,30.451612903225804,68.97381882799695,0.0,0.24542149903980537,0.8084643450645469,0.39219673452209386,43.3098003711659,129.38483549737725,47.58014871140373,1319.7002163111697,-3.962453709539706
2024-02-26,1327.41534071522,0.0,47.37192328570138,60.0,0,0.3870967741935484,1000.0,30.967741935483872,71.81048928083482,0.0,0.17179504932786374,0.6669938775311807,0.7568786938088377,30.622441095924238,121.83088273072103,73.15483645851968,1328.3863915014836,-0.9710507862635497
2024-03-04,1248.071737142033,0.0,53.16218241229861,50.56771171641347,0,0.3935483870967742,1000.0,31.483870967741936,73.6000010968189,0.0,0.1202565345295046,0.7004623704985373,0.8083667387052379,21.542429950210302,123.97719175375224,75.36985273384359,1325.9733465023671,-77.90160936033399
2024-03-11,1218.0024724794603,0.0,38.79607610656332,10.62808492001628,0,0.4,1000.0,32.0,74.31625916404242,0.0,0.08417957417065322,0.5539173842062435,0.42954841358654405,15.116633707412362,112.46139572778341,51.10520289294653,1284.9994914921847,-66.99701901272444
2024-03-18,1242.6595023183056,0.0,42.95909000050592,23.63097536553049,0,0.4064516129032258,1000.0,32.516129032258064,73.94881882701259,0.0,0.05892570191945726,0.5690136337314257,0.40804818497063644,10.594367127083485,113.92482472933659,49.10257648302585,1280.0867161987164,-37.427213880410775
2024-03-25,1372.8275841877437,0.0,59.751196051105865,17.984812544988987,1,0.4129032258064516,1000.0,33.03225806451613,72.50303819324687,100.0,0.034839774449347057,0.7511491259249463,0.34306625822958525,6.268623300458542,126.77877801770808,42.616895780040885,1381.1995933559706,-8.372009168226928
2024-04-01,1346.2054540934616,71.94822535509404,61.9462045772455,15.364005150813227,0,0.41935483870967744,1000.0,33.54838709677419,70.00000000000001,0.0,0.21526191602373596,0.8109902947167378,0.29091163224010513,38.15954918929602,129.48754246520286,36.956601770954954,1308.152080522228,38.05337357123356
2024-04-08,1399.674937407969,42.86931670460764,47.12447932529524,14.422095626030355,1,0.4258064516129032,1000.0,34.064516129032256,66.47620418048069,100.0,0.26134626498333563,0.6648592933203433,0.2605906095820177,45.99977544787387,121.68527522506758,33.49113442352188,1401.7169054059761,-2.041967998007138
2024-04-15,1273.6266426875902,78.04166690942198,47.93522132573757,28.56158685930925,0,0.432258064516129,1000.0,34.58064516129032,61.98303561263467,0.0,0.3801785865243501,0.6442804010478816,0.3898445669640034,65.31525896405198,120.22488010719846,47.350929533254174,1329.4547493784296,-55.828106690839356
2024-04-22,1316.6257076853344,75.32520113718286,36.298481164371665,9.834412234265432,0,0.43870967741935485,1000.0,35.096774193548384,56.58601481191565,0.0,0.46595798682356804,0.5160395769166405,0.25395296833141917,78.28697998386292,108.46372273902219,32.71629348988318,1311.1497852182322,5.475922467102197
2024-04-29,1297.837973016427,11.11784084053146,51.39244124245837,29.437513377673277,0,0.44516129032258067,1000.0,35.612903225806456,50.36384249463052,0.0,0.3556655166601142,0.6513939069770281,0.39581775142844167,61.45027300122384,120.74147587082695,47.931348851896864,1316.0998434443845,-18.261870427957522
2024-05-06,1250.3885775334502,51.64615242843528,36.315499435785476,10.087637853802814,0,0.45161290322580644,1000.0,36.12903225806451,43.40725194427713,0.0,0.38597982506559353,0.5176440409739971,0.259199934912787,66.2200750359212,108.6428763328234,33.329265571615366,1287.7285011427014,-37.339923609251066
2024-05-13,1271.5374972610095,34.515372270687564,42.601959601937,14.01431227987018,0,0.45806451612903226,1000.0,36.645161290322584,35.8176859159572,0.0,0.3617529688158335,0.5579497008633951,0.24376003167027877,62.41628906456753,112.85930103350314,31.51550119298503,1279.2539384973356,-7.7164412363262
2024-05-20,1378.2611946098807,0.0,40.05024604927295,15.261542589024915,1,0.4645161290322581,1000.0,37.16129032258065,27.705817372578178,100.0,0.2532270781710835,0.5387920267296052,0.2501015796323515,44.63095636603031,110.92220449311878,32.264117393304645,1352.6843859476123,25.57680866226834
2024-05-27,1227.1662430177716,10.888830942640578,35.5049228126749,16.364988975546147,0,0.47096774193548385,1000.0,37.677419354838705,19.189935623839585,0.0,0.1951428213625398,0.4864768599893376,0.263697085958008,34.686525627405366,104.9999170337906,33.85180741822107,1230.4056050580955,-3.2393620403238166
2024-06-03,1340.0155849234761,13.894563759423919,43.52571737232954,31.67899577412073,1,0.4774193548387097,1000.0,38.193548387096776,10.394221401733546,100.0,0.16690508674471152,0.5615695923656048,0.42238196111164855,29.767017929140447,113.21212870792439,50.44568017306427,1342.0125965989596,-1.9970116754835066
2024-06-10,1220.7864405441403,0.0,54.48816205383336,35.72387063842815,0,0.4838709677419355,1000.0,38.70967741935484,1.4469360258421595,0.0,0.10489814051167176,0.6935211593201032,0.5262384603538637,18.812713209333758,123.55258573764895,59.22405137925214,1241.745963771432,-20.959523227291587
2024-06-17,1371.4417436201063,53.5834994045,58.80563125051674,32.31802431119542,1,0.49032258064516127,1000.0,39.225806451612904,-7.52144893552218,100.0,0.2040623468743995,0.7659649131330177,0.533823072483313,36.229726966084336,127.50559636835146,59.800253108372665,1355.2399339588994,16.2018096612068
2024-06-24,1240.2531293024438,0.0,49.46995233684528,16.67812300877487,0,0.4967741935483871,1000.0,39.74193548387097,-16.380154234578747,0.0,0.14114331902979166,0.6808724217227219,0.3802267843032499,25.238424363577096,122.75159956728741,46.40481552903606,1217.756620709193,22.496508593250923
2024-07-01,1333.7414151573653,81.74555400305216,38.91294230160857,60.0,0,0.5032258064516129,1000.0,40.258064516129025,-24.999999999999975,0.0,0.30776750577301887,0.551245939822724,0.7524180338904074,53.712855639425655,112.19492542257476,72.94939648428827,1254.1152420624176,79.62617309494763
2024-07-08,1234.4518574083377,0.0,48.09162338622418,12.187894216228699,0,0.5096774193548387,1000.0,40.774193548387096,-33.255289470324016,0.0,0.21015859344791404,0.6232266539890723,0.4228341782554779,37.281293068025825,118.62005368713702,50.48753378295066,1213.9077846161767,20.544072792161003
2024-07-15,1169.7707914312493,40.127586991745815,35.03378750239229,14.93925947976804,0,0.5161290322580645,1000.0,41.29032258064516,-41.02564193578036,0.0,0.2535669560216395,0.49833892717355355,0.31852415260018363,44.68836837055743,106.42735686156551,40.00220320915647,1191.3826090861442,-21.611817654894747
2024-07-22,1166.485142916215,46.81656494577814,35.4923015804399,14.03788271479004,0,0.5225806451612903,1000.0,41.806451612903224,-48.19774816011285,0.0,0.3000329438476968,0.478252335281425,0.2677732272629836,52.44169685309001,103.97991921642658,34.32314610844756,1184.3534656307547,-17.86832271453968
2024-07-29,1211.6246943869075,55.32083251332903,43.59140006514388,23.42805405337364,0,0.5290322580645161,1000.0,42.322580645161295,-54.667022684394006,0.0,0.3546607309623817,0.5606254028780665,0.34133572260650435,61.290435731913924,113.12049674097165,42.435434139442435,1204.501924573095,7.122769813812462
2024-08-05,1231.965396503709,0.0,55.61146818964147,15.013606587611903,0,0.535483870967742,1000.0,42.83870967741936,-60.339128918522334,0.0,0.2482625116736672,0.7053141052722806,0.2865345391239981,43.79124670225944,124.26784462764184,36.46400976028963,1187.0226818490878,44.94271465462106
2024-08-12,1194.1202188465872,44.399246341889395,45.88606810556064,3.616888667675597,0,0.5419354838709678,1000.0,43.35483870967742,-65.13135478113318,0.0,0.28337726641147587,0.6305138613893289,0.15059448321252342,49.68502696238321,119.18860726310393,19.991372636637205,1167.0884907906684,27.031728055918915
2024-08-19,1243.005519570259,81.44972640451516,49.76411780465249,35.58359875891695,0,0.5483870967741935,1000.0,43.87096774193548,-68.97381882799694,0.0,0.414445039435655,0.6569200368935247,0.4161977610517042,70.60326901318194,121.13413763104147,49.870126218470745,1216.5046817766327,26.500837793626157
2024-08-26,1170.9441797724883,43.36663331528416,45.326441969027755,8.199614435230886,0,0.5548387096774193,1000.0,44.387096774193544,-71.81048928083482,0.0,0.39265857268696835,0.6148662301800804,0.24813554713929062,67.25698110937302,117.95023878317085,32.03256867143893,1189.8163960573415,-18.87221628485325
2024-09-02,1258.9023729745877,40.93560934564709,49.18180377532292,47.451868229863685,0,0.5612903225806452,1000.0,44.903225806451616,-73.60000109681889,0.0,0.38346057349293095,0.6475791827420626,0.5740041586913884,65.8276199973238,120.46601696378566,62.70981739152059,1220.306679062263,38.59569391232488
2024-09-09,1126.4134544509113,0.0,42.34470684962893,20.005647929577343,0,0.567741935483871,1000.0,45.41935483870968,-74.3162591640424,0.0,0.2622854283163165,0.5811929092484699,0.42969136762991617,46.157746608195886,115.05422355851465,51.11827744586926,1183.4333432872472,-57.01988883633586
2024-09-16,1277.6350733539753,120.0,48.9187033349351,34.168419044811856,0,0.5741935483870968,1000.0,45.935483870967744,-73.94881882701259,0.0,0.49479221900398235,0.6380384507202176,0.5136927514996723,82.44209997404889,119.7610612375481,58.25185506502968,1232.441681320582,45.19339203339336
2024-09-23,1203.9463308304173,0.0,40.43402878374811,28.979719121098785,0,0.5806451612903226,1000.0,46.45161290322581,-72.50303819324685,0.0,0.33789397822102674,0.5589039109531843,0.49531069906290137,58.60726758551422,112.95270767830318,56.7840451347496,1202.292595108546,1.6537357218712232
2024-09-30,1269.6891070714235,0.0,43.672858235833246,38.39316694858707,1,0.5870967741935483,1000.0,46.967741935483865,-70.00000000000001,100.0,0.2365257847547187,0.5776242773683812,0.5822092698781108,41.79807618743907,114.72795088596915,63.274853737566254,1296.7686227464585,-27.079515675034944
2024-10-07,1162.1603994370666,57.03500762979289,54.805136572743706,5.409904346599798,0,0.5935483870967742,1000.0,47.483870967741936,-66.47620418048074,0.0,0.3100880376414895,0.700113222466929,0.28699450983078967,54.093093511940076,123.95608190275718,36.515898157700136,1195.5727403596586,-33.412340922591916
2024-10-14,1190.8304825495557,119.25026875546776,38.611896120229794,8.374921795879594,0,0.6,1000.0,48.0,-61.983035612634765,0.0,0.5209683812793395,0.5518825652450573,0.1983685901687533,86.12047181442054,112.25863477549174,26.01644167703354,1210.412512654311,-19.582030104755393
2024-10-21,1238.3309110179625,0.0,36.82247257939182,43.7949191551512,0,0.6064516129032258,1000.0,48.516129032258064,-56.58601481191566,0.0,0.35804552532477846,0.5031493216802057,0.517530057988953,61.82843749180847,106.99174655493435,58.55175335587023,1219.3020516229553,19.02885939500721
2024-10-28,1161.9012769292526,53.375134929850766,39.83945220995827,2.7662702597666247,0,0.6129032258064516,1000.0,49.03225806451613,-50.36384249463052,0.0,0.3859721626869195,0.5255837661331295,0.2343816822093475,66.21888247264253,109.516379738233,30.399246049011104,1204.802923829772,-42.90164690051947
2024-11-04,1301.6314064785397,0.0,48.54275000887225,38.40220170455212,1,0.6193548387096774,1000.0,49.54838709677419,-43.40725194427703,100.0,0.27018051388084363,0.6229062559029284,0.47789533264849243,47.48270327908388,118.59473177599534,55.3454977195703,1327.5640679271467,-25.932661448607053
2024-11-11,1101.7386899098249,0.0,35.9513072767702,7.870634184877804,0,0.6258064516129033,1000.0,50.06451612903226,-35.817685915957206,0.0,0.17077397845828812,0.5080615080355331,0.26969201672312076,30.443936797833842,107.55957793413498,34.544264625682445,1186.7946095707262,-85.05591966090127
2024-11-18,1177.7176073720527,72.81329246876282,49.70795598054297,38.488933792375356,0,0.632258064516129,1000.0,50.58064516129032,-27.70581737257819,0.0,0.31271082695986724,0.6318307519735853,0.4928285050708212,54.5222205581712,119.28985725369846,56.581869192866584,1253.2687747934485,-75.55116742139572
2024-11-25,1336.7332715462376,0.0,49.64083589645215,29.743993725566057,1,0.6387096774193548,1000.0,51.096774193548384,-19.18993562383946,100.0,0.21889757887190706,0.6558685629228672,0.49451461889007736,38.78407287113654,121.06000129772649,56.71930728508627,1348.470220023658,-11.736948477420395
2024-12-02,1416.4158891282364,81.18366106954986,50.31171902812406,29.015595802287557,1,0.6451612903225806,1000.0,51.61290322580645,-10.394221401733553,100.0,0.3598806686742182,0.6678319261839943,0.48811660929059103,62.1196055135729,121.88775394416747,56.19547228338694,1381.4215135652,34.99437556303624
2024-12-09,1377.0968831771681,120.0,54.01172376068467,20.632509368811867,0,0.6516129032258065,1000.0,52.12903225806451,-1.4469360258421666,0.0,0.5520311293522937,0.7096918592031387,0.4016521214107355,90.36737152719778,124.52584047545248,48.4929574970526,1314.068265731925,63.028617445243114
2024-12-16,1304.4351518555868,63.17167488497715,50.37914911318575,16.1737746974217,0,0.6580645161290323,1000.0,52.645161290322584,7.521448935522169,0.0,0.5540122332775037,0.6793163325698707,0.32221745889648334,90.63382590765264,122.65057757607738,40.40131371272594,1313.8523274223007,-9.41717556671398
2024-12-23,1289.5825026349644,28.265195012538204,45.705571915840075,58.066513750914005,0,0.6645161290322581,1000.0,53.16129032258065,16.38015423457861,0.0,0.45463132423613484,0.6233895271341872,0.7099147744119727,76.62573148631985,118.63291544669211,70.87693205246495,1335.6770235426363,-46.094520907671985
2024-12-30,1251.0423785382561,0.0,51.62877782311856,31.112562193390147,0,0.6709677419354839,1000.0,53.67741935483871,25.00000000000009,0.0,0.31824192696529435,0.675384953142784,0.595043726987895,55.424951665865144,122.392884219164,64.13927528053848,1320.6345305204063,-69.59215198215017
2025-01-06,1303.5130642746833,59.30009525796399,36.83463397934291,7.20536167317747,0,0.6774193548387096,1000.0,54.19354838709677,33.25528947032401,0.0,0.38008873666084775,0.5279797771956508,0.31006674473780255,65.30121501400482,109.77575473886908,39.0808632434578,1301.6066708537526,1.9063934209306652
2025-01-13,1304.8093342468912,0.0,54.259049577319516,11.920659128367156,0,0.6838709677419355,1000.0,54.70967741935483,41.02564193578036,0.0,0.25492630479543493,0.6843592752060523,0.24305905714925166,44.917891948915006,122.97597506878728,31.432442859968727,1295.0616292328061,9.747705014085101
2025-01-20,1289.0739197772393,86.86091163235336,59.816299081124264,33.306109636400414,0,0.6903225806451613,1000.0,55.225806451612904,48.197748160112845,0.0,0.40888489716036014,0.7749126564318953,0.4303080792157425,69.75458077522937,127.92593279538221,51.174645282797485,1352.2787134651348,-63.20479368789554
2025-01-27,1327.3165135564761,25.46884899159934,36.05035608613488,20.88166408065986,0,0.6967741935483871,1000.0,55.74193548387097,54.667022684394,0.0,0.3413707215496736,0.5395192734405369,0.380886531000084,59.166102307555676,110.99791981982399,46.47016957954069,1327.0431498751852,0.2733636812908499
2025-02-03,1315.0538754810111,53.58760947983179,43.360226457429256,35.038172601415546,0,0.7032258064516129,1000.0,56.25806451612903,60.33912891852225,0.0,0.36277164952517266,0.5704126460430552,0.5028308092811777,62.577546967228116,114.05685303409287,57.39078190645996,1350.6223753424322,-35.56849986142112
2025-02-10,1286.797302411647,0.0,43.72488671645748,12.005953364227425,0,0.7096774193548387,1000.0,56.7741935483871,65.13135478113318,0.0,0.24427889914916562,0.580481139144634,0.3211645252084607,43.11598596353506,114.98945274858501,40.28773169676603,1320.2987187384065,-33.50141632675941
2025-02-17,1258.6079336148994,0.0,46.51547845678133,7.910995757541565,0,0.7161290322580646,1000.0,57.29032258064517,68.97381882799694,0.0,0.16667244911099618,0.6122613534838324,0.20724685289850128,29.726286780328188,117.73765241066357,27.11057542166217,1300.8386560212957,-42.230722406396396
2025-02-24,1251.9120439621356,0.0,45.408393401089384,9.568959196646894,0,0.7225806451612903,1000.0,57.806451612903224,71.81048928083482,0.0,0.11667071437769731,0.6068082971166545,0.17844705237952008,20.905956874676228,117.28655008747083,23.531037870466488,1291.3404857263515,-39.42844176421581
2025-03-03,1387.592326771187,49.21146913777243,36.74948418444686,23.528943409016446,0,0.7290322580645161,1000.0,58.32258064516129,73.6000010968189,0.0,0.20315525363440068,0.5133561550656011,0.3067753034224631,36.07303630864572,108.16209612330292,38.71953135181367,1314.8772455257424,72.71508124544442
2025-03-10,1379.4388323493072,10.614330151549837,44.19348119536584,44.2270125472332,0,0.7354838709677419,1000.0,58.83870967741935,74.31625916404244,0.0,0.17036782153747787,0.574068088905865,0.5651921086048085,30.37291500915296,114.39899693442564,62.09209694108321,1340.0189777261232,39.419854623183994
2025-03-17,1239.488028738152,0.0,37.544930141170205,21.530354809025084,0,0.7419354838709677,1000.0,59.35483870967742,73.94881882701259,0.0,0.1059732703535623,0.5152922644619172,0.4413031673356882,19.004101068094055,108.37997358070571,52.16965387605757,1312.8573860615472,-73.36935732339516
2025-03-24,1345.5419957484803,120.0,63.2243223633581,22.698164999732946,0,0.7483870967741936,1000.0,59.87096774193549,72.50303819324685,0.0,0.3886385536149297,0.777451966800542,0.4035148293589564,66.63346981781032,128.0427405389116,48.671149636632606,1375.721365928537,-30.179370180056697
2025-03-31,1377.2132455198569,24.522451667487466,48.221149258034444,35.94173559029728,0,0.7548387096774194,1000.0,60.38709677419355,70.00000000000001,0.0,0.32890799288662886,0.6698494515150809,0.5208292131202777,57.15705939819895,122.02398718712925,58.807804191430854,1368.3759475509528,8.837297968903957
2025-04-07,1285.950168291996,0.0,34.20822003166234,9.449298877997041,0,0.7612903225806451,1000.0,60.90322580645161,66.47620418048074,0.0,0.23023559502064017,0.4988573107716377,0.3028079077492921,40.72534184166837,106.48857573831052,38.2819499112656,1312.875297478177,-26.92512918618076
2025-04-14,1276.1441842990175,0.0,39.84804122164664,25.788105588365944,0,0.7677419354838709,1000.0,61.41935483870967,61.983035612634765,0.0,0.16116491651444811,0.524817053119273,0.3791214552423183,28.761100249691857,109.43296912333678,46.29517286252486,1307.891632686898,-31.747448387880404
2025-04-21,1411.2513655349178,4.27722092937323,52.88638022936599,13.783520248733085,1,0.7741935483870968,1000.0,61.935483870967744,56.58601481191576,100.0,0.12416263712706216,0.6690850039365083,0.28951142324484175,22.235130349146754,121.97248058855307,36.799311333230264,1399.5284209538136,11.72294458110426
2025-04-28,1433.4244164601423,0.0,48.51036172328242,43.31702616712319,1,0.7806451612903226,1000.0,62.45161290322581,50.36384249463045,100.0,0.07938761562313032,0.6512611803201657,0.5491045991932355,14.259826378910082,120.73195245682679,60.934980945390095,1408.7422151789833,24.682201281158974
2025-05-05,1431.7945718272301,52.6238248556902,62.74263275771005,19.276849362660094,1,0.7870967741935484,1000.0,62.96774193548387,43.407251944277036,100.0,0.19355567860274192,0.7995074919964025,0.4122467126840393,34.41136477590146,129.01282074007835,49.49929411910843,1419.298473514849,12.496098312381143
2025-05-12,1307.8767939858276,20.99715674739004,62.633314932063136,7.396436539647281,0,0.7935483870967742,1000.0,63.483870967741936,35.81768591595721,0.0,0.19119309877346477,0.8279908760898685,0.2387703616787921,34.00145841843204,130.15434786554366,30.922951716448182,1294.380314884123,13.496479101704598
2025-05-19,1322.554830599334,23.751283653327576,43.36585764670595,11.668308905488875,0,0.8,1000.0,64.0,27.7058173725782,0.0,0.17849343545794147,0.6281667811796392,0.2121189010575685,31.791904302492988,119.00702107314314,27.70729644414622,1270.2120391923606,52.34279140697353
2025-05-26,1243.3726482647612,25.853463979966346,56.103237273643686,34.11495591238797,0,0.8064516129032258,1000.0,64.51612903225806,19.18993562383959,0.0,0.1897826251489591,0.724068102388895,0.42598513971250573,33.75656723321022,125.3453210539883,50.77827765821903,1293.5862306015151,-50.21358233675385
2025-06-02,1312.6320126542773,0.0,64.73190015489138,6.57712189663955,0,0.8129032258064516,1000.0,65.03225806451613,10.394221401733564,0.0,0.13284783760427138,0.8352880556320461,0.23614643940833682,23.772922517907805,130.42789371661087,30.610118614016258,1260.2374143147847,52.39459833949257
2025-06-09,1287.7903253369807,120.0,46.39408853373038,39.035224073599586,0,0.8193548387096774,1000.0,65.54838709677419,1.4469360258421737,0.0,0.41134586758129243,0.661928067570723,0.4848976897482879,70.13067186479987,121.48355728415304,55.9295372368046,1314.5390895083738,-26.748764171393073
2025-06-16,1274.9502545236558,0.0,30.281828024136132,19.145593823063706,0,0.8258064516129032,1000.0,66.06451612903226,-7.521448935522162,0.0,0.28728796406338925,0.45539116184837763,0.3854501780603624,50.33461493578707,101.0110545970797,46.92041200350969,1256.8091487298866,18.14110579376923
2025-06-23,1285.4941447274111,44.155136812112104,39.76777357084536,11.206800955736336,0,0.832258064516129,1000.0,66.58064516129032,-16.3801542345786,0.0,0.31824234941872265,0.5152675783938078,0.2660375052067543,55.42502049777685,108.37720377511806,34.1227053378262,1248.1254205374325,37.36872418997857
2025-06-30,1297.384033502232,52.33827461219288,61.55008124440107,21.718067821970696,0,0.8387096774193549,1000.0,67.09677419354838,-24.999999999999957,0.0,0.35357166006577917,0.7595876830543498,0.32361168956353303,61.11706715910748,127.19753801037352,40.551464411805014,1270.9628437748345,26.421189727397387
2025-07-07,1219.573658187022,0.0,37.15649602565146,4.96297777511817,0,0.8451612903225807,1000.0,67.61290322580646,-33.255289470324,0.0,0.2442889301629751,0.5482527985290363,0.1790584952027558,43.11768794450479,111.89364365217536,23.607921496022445,1212.976866848185,6.596791338836885
2025-07-14,1200.434726639347,0.0,36.197519885912094,6.286905320167877,0,0.8516129032258064,1000.0,68.12903225806451,-41.02564193578035,0.0,0.16736981267258294,0.49575724274495875,0.1344571605881347,29.84837465896211,106.12103095506087,17.909536435303195,1180.98233237161,19.452394267737006
2025-07-21,1152.6810145040538,0.0,34.56372018260087,21.740663127561156,0,0.8580645161290322,1000.0,68.64516129032258,-48.19774816011284,0.0,0.11320493030574029,0.46783054232281535,0.2711083461636346,20.290285670408927,102.65113302009665,34.70716743970693,1178.0959992604223,-25.41498475636863
2025-07-28,1141.2061972099814,0.0,41.43452345310905,11.74860828874509,0,0.864516129032258,1000.0,69.16129032258064,-54.667022684394084,0.0,0.0792434512140182,0.5355337224557313,0.225963335432055,14.23403935078644,110.58082603419915,29.388169096185656,1168.697302119358,-27.491104909376755
2025-08-04,1140.1597995844925,0.0,33.279564362485836,29.502553378827475,0,0.8709677419354839,1000.0,69.6774193548387,-60.33912891852225,0.0,0.037118034591510314,0.46208840624280506,0.38534835368107295,6.67817955752925,101.90143146334866,46.91040106395519,1164.8283025211495,-24.668502936656893
2025-08-11,1198.2312463372723,0.0,34.72682815662103,51.358707284442396,0,0.8774193548387097,1000.0,70.19354838709677,-65.13135478113318,0.0,0.025982624214057216,0.46283730296429976,0.6679376646222338,4.67582019552709,101.99992266902566,68.61543065098711,1180.3533671215034,17.877879215768882
2025-08-18,1121.1212159901947,0.0,19.619018377416012,26.132911060635323,0,0.8838709677419355,1000.0,70.70967741935485,-68.97381882799698,0.0,0.01143490440577017,0.3018364397552138,0.5286020603596259,2.0581930860762276,75.55211293990818,59.40454387426829,1138.7507084916106,-17.62949250141578
2025-08-25,1233.5645456837203,86.85398687057219,61.52997960282693,30.82595802152052,0,0.8903225806451613,1000.0,71.22580645161291,-71.81048928083482,0.0,0.23041811285019995,0.7166870698322865,0.5197601329720112,40.75651201025288,124.92983818647312,58.725012718794574,1223.8266800862984,9.737865597421823
2025-09-01,1239.286702817191,17.28214583378814,40.82155305035624,60.0,0,0.896774193548387,1000.0,71.74193548387096,-73.60000109681891,0.0,0.20714111465713747,0.578767413251004,0.8082649803548851,36.76112324970653,114.83288173882971,75.36574899836664,1225.1016883739549,14.185014443236147
2025-09-08,1160.2668760120894,0.0,52.03968029727372,16.718325987997417,0,0.9032258064516129,1000.0,72.25806451612902,-74.31625916404242,0.0,0.14499878025999624,0.6708438384188217,0.49055766021240865,25.918392854274412,122.09078143184512,56.396076781991155,1202.347056420197,-42.08018040810781
2025-09-15,1220.2412506913302,25.496645375730846,44.13969499752285,41.517398462083754,0,0.9096774193548387,1000.0,72.7741935483871,-73.94881882701259,0.0,0.169140127594184,0.6049924424792965,0.6115267425146239,30.158177749177774,117.13449369990299,65.21516256651567,1211.3332087369708,8.90804195435931
2025-09-22,1227.7556444532545,0.0,54.17165602899893,30.297385115620997,0,0.9161290322580645,1000.0,73.29032258064517,-72.50303819324685,0.0,0.11839808931592881,0.6988298339480387,0.5477061891445065,21.212628283715535,123.87826223443821,60.83259027460972,1206.7107651801616,21.044879273092807
2025-09-29,1178.3825311680723,1.916680787138502,35.215765281081104,21.559526865641374,0,0.9225806451612903,1000.0,73.80645161290323,-69.99999999999997,0.0,0.08796349496029666,0.5154008493258013,0.43462565475824816,15.79271763541718,108.39215441518704,51.567614405770165,1179.5589380692775,-1.176406901205182
2025-10-06,1309.3752525348286,106.25665669614348,49.758382918506044,33.07822964527436,0,0.9290322580645162,1000.0,74.3225806451613,-66.47620418048075,0.0,0.34346661050356786,0.633836664791931,0.5045126768522445,59.50236946103014,119.44321237018865,57.525291182209145,1244.3172494781084,65.05800305672018
2025-10-13,1237.2071875822023,0.0,50.839804475526975,49.21281230915821,0,0.9354838709677419,1000.0,74.83870967741935,-61.983035612634694,0.0,0.2404266273524975,0.6690594332351223,0.6940845494657301,42.461761748288744,121.97075532441383,70.04993836295263,1247.33812950044,-10.130941918237532
2025-10-20,1267.7906257914756,0.0,51.79173626880948,28.85563843536973,1,0.9419354838709677,1000.0,75.35483870967741,-56.58601481191576,100.0,0.1550154934729788,0.6862568075946802,0.5661772829855418,27.681416883373537,123.09692957440492,62.16171995955292,1331.708890315093,-63.91826452361728
2025-10-27,1230.4204105274182,12.917637181333932,53.86771794659685,17.916755972826866,0,0.9483870967741935,1000.0,75.87096774193549,-50.36384249463054,0.0,0.14013744566112832,0.7118407091974907,0.40536249530974067,25.060901731338152,124.65101719510868,48.84737162705287,1224.0664158008046,6.35399472661357
2025-11-03,1308.5291227827533,18.994948493186612,46.373347260888735,57.072322167495265,0,0.9548387096774194,1000.0,76.38709677419355,-43.40725194427705,0.0,0.14848860433516284,0.6370170245599145,0.7331328571809657,26.53322565285726,119.6842137410041,72.03518809280523,1251.232472316583,57.29665046617032
2025-11-10,1242.7167571138627,0.0,44.27268024386027,22.49183120771191,0,0.9612903225806452,1000.0,76.90322580645162,-35.81768591595734,0.0,0.10004265506175444,0.5996453311445523,0.5180466872241707,17.947840641150258,116.68133635797902,58.591958623928925,1234.3066755135526,8.4100816003101
2025-11-17,1224.5456465705013,0.0,41.18235739031295,41.7667205130637,0,0.967741935483871,1000.0,77.41935483870968,-27.705817372578206,0.0,0.07002985854322809,0.5592071903635591,0.6249610947494909,12.584808534131527,112.98233521061758,66.06401466228938,1241.34469587317,-16.799049302668628
2025-11-24,1371.9576926354734,5.966963789587075,58.413123293035724,6.658834560319672,1,0.9741935483870968,1000.0,77.93548387096774,-19.189935623839474,100.0,0.064557746603102,0.7349153866425707,0.31647506628594557,11.604277806192357,125.93632337272561,39.779921912244816,1336.066071338291,35.89162129718241
2025-12-01,1382.327556064174,88.41859996233028,65.01417190802418,20.544985306361802,1,0.9806451612903225,1000.0,78.45161290322581,-10.394221401733706,100.0,0.263508832377279,0.8404679942665834,0.33195768784272117,46.36341411281567,130.61760740515453,41.44435206491097,1386.4827650843736,-4.155209020199678
2025-12-08,1286.1992387399355,10.088072490021359,42.74777506054458,42.86113962333196,0,0.9870967741935484,1000.0,78.96774193548387,-1.446936025842188,0.0,0.2112191984933009,0.6240696451988766,0.5613528177501778,37.46397217038876,118.68654630808535,61.81941413423807,1295.490738522354,-9.291499782418452
2025-12-15,1228.413311829358,18.630912154822564,62.75278025455409,23.849719939725105,0,0.9935483870967742,1000.0,79.48387096774194,7.521448935522287,0.0,0.19728006602449408,0.7941772177320264,0.46300549819551323,35.05679084823178,128.78553004620883,54.078333425257,1304.9259742229617,-76.5126623936037
2025-12-22,1325.6561702637625,95.64673817561588,43.677704145993985,10.078599451370058,0,1.0,1000.0,80.0,16.38015423457859,0.0,0.3898651916778828,0.6247306761809853,0.28593679196262406,66.8239208890633,118.73855365665338,36.39653571649671,1318.339164496792,7.3170057669705955
